Project,Date,Month,Forecasted_Calls,Calls_Offered,Calls_Handled,Calls_Handled_With_in_Thrshold,Calls_Abandon,ASA,Answer_Time,Agent_Name,Call_Difference,Missed_calls,Handling_Rate
Project A,2/1/2022,22-Feb,13473,8393,8381,8380,12,1.689177871,14157,Ali,5080,12,99
Project A,2/2/2022,22-Feb,13255,5144,5134,5096,10,2.337163925,11999,Samir,8111,10,99
Project A,2/3/2022,22-Feb,13209,8450,8436,8432,14,1.87482214,15816,Rania,4759,14,99
Project A,2/4/2022,22-Feb,13002,10883,10614,7376,269,51.2077446,543519,Rania,2119,269,97
Project A,2/5/2022,22-Feb,12758,11445,11393,11027,52,7.235232353,82431,Ahmed,1313,52,99
Project A,2/6/2022,22-Feb,10422,11324,11266,10789,58,8.042695045,90609,Dina,-902,58,99
Project A,2/7/2022,22-Feb,11943,12155,12131,11945,24,2.794740677,33903,Fatma,-212,24,99
Project A,2/8/2022,22-Feb,13473,11064,11044,10881,20,2.880659103,31814,Huda,2409,20,99
Project A,2/9/2022,22-Feb,13255,9729,9717,9717,12,1.684161782,16365,Youssef,3526,12,99
Project A,2/10/2022,22-Feb,13208,9832,9822,9818,10,1.720423579,16898,Sara,3376,10,99
Project A,2/11/2022,22-Feb,13002,8178,8166,8163,12,1.726181746,14096,Rania,4824,12,99
Project A,2/12/2022,22-Feb,12758,7393,7379,7377,14,1.704838037,12580,Samir,5365,14,99
Project A,2/13/2022,22-Feb,10422,5904,5896,5869,8,2.185210228,12884,Hassan,4518,8,99
Project A,2/14/2022,22-Feb,11943,6506,6496,6496,10,1.682727814,10931,Omar,5437,10,99
Project A,2/15/2022,22-Feb,13473,7562,7549,7546,13,1.727910995,13044,Samir,5911,13,99
Project A,2/16/2022,22-Feb,13255,7792,7778,7758,14,1.845461607,14354,Rania,5463,14,99
Project A,2/17/2022,22-Feb,13208,7763,7758,7758,5,1.685099244,13073,Ali,5445,5,99
Project A,2/18/2022,22-Feb,13002,7265,7259,7258,6,1.689902186,12267,Huda,5737,6,99
Project A,2/19/2022,22-Feb,12758,8307,8264,7705,43,6.804695129,56234,Ali,4451,43,99
Project A,2/20/2022,22-Feb,10422,6601,6592,6570,9,1.998331308,13173,Nour,3821,9,99
Project A,2/21/2022,22-Feb,11943,7101,7093,7093,8,1.680107117,11917,Rania,4842,8,99
Project A,2/22/2022,22-Feb,13473,7697,7684,7684,13,1.679724097,12907,Samir,5776,13,99
Project A,2/23/2022,22-Feb,13255,7516,7509,7509,7,1.69370091,12718,Laila,5739,7,99
Project A,2/24/2022,22-Feb,13208,9538,9531,9531,7,1.68534255,16063,Fatma,3670,7,99
Project A,2/25/2022,22-Feb,13002,8658,8647,8629,11,1.790678859,15484,Mona,4344,11,99
Project A,2/26/2022,22-Feb,12758,13437,12994,7440,443,49.6830864,645582,Dina,-679,443,96
Project A,2/27/2022,22-Feb,10422,8794,8723,7837,71,13.52894688,118013,Huda,1628,71,99
Project A,2/28/2022,22-Feb,11943,9196,9173,9030,23,2.925542355,26836,Tariq,2747,23,99
Project B,2/1/2022,22-Feb,13173,6890,6884,6884,6,1.684340477,11595,Rania,6283,6,99
Project B,2/2/2022,22-Feb,12956,4248,4242,4207,6,2.398632765,10175,Ali,8708,6,99
Project B,2/3/2022,22-Feb,12921,6790,6783,6781,7,1.877635241,12736,Tariq,6131,7,99
Project B,2/4/2022,22-Feb,12718,8843,8635,5974,208,51.92182922,448345,Fatma,3875,208,97
Project B,2/5/2022,22-Feb,12477,9120,9081,8788,39,7.309547424,66378,Samir,3357,39,99
Project B,2/6/2022,22-Feb,10209,9097,9059,8691,38,7.833867073,70967,Omar,1112,38,99
Project B,2/7/2022,22-Feb,11691,10002,9989,9845,13,2.746220827,27432,Samir,1689,13,99
Project B,2/8/2022,22-Feb,13173,8953,8942,8809,11,2.87597847,25717,Khaled,4220,11,99
Project B,2/9/2022,22-Feb,12956,7915,7909,7909,6,1.690984964,13374,Youssef,5041,6,99
Project B,2/10/2022,22-Feb,12920,7946,7940,7937,6,1.725944638,13704,Tariq,4974,6,99
Project B,2/11/2022,22-Feb,12718,6624,6618,6618,6,1.692052007,11198,Ahmed,6094,6,99
Project B,2/12/2022,22-Feb,12477,6015,6007,6007,8,1.684201717,10117,Laila,6462,8,99
Project B,2/13/2022,22-Feb,10209,4809,4806,4785,3,2.162713289,10394,Rania,5400,3,99
Project B,2/14/2022,22-Feb,11691,5302,5298,5298,4,1.682710409,8915,Samir,6389,4,99
Project B,2/15/2022,22-Feb,13173,6090,6087,6085,3,1.718580604,10461,Dina,7083,3,99
Project B,2/16/2022,22-Feb,12956,6320,6314,6298,6,1.854767203,11711,Youssef,6636,6,99
Project B,2/17/2022,22-Feb,12920,6366,6362,6362,4,1.683747292,10712,Samir,6554,4,99
Project B,2/18/2022,22-Feb,12718,5922,5917,5916,5,1.692411661,10014,Dina,6796,5,99
Project B,2/19/2022,22-Feb,12477,6753,6729,6291,24,6.69282198,45036,Omar,5724,24,99
Project B,2/20/2022,22-Feb,10209,5349,5343,5326,6,2.00655055,10721,Mona,4860,6,99
Project B,2/21/2022,22-Feb,11691,5672,5668,5668,4,1.679781199,9521,Laila,6019,4,99
Project B,2/22/2022,22-Feb,13173,6268,6263,6263,5,1.680664182,10526,Ahmed,6905,5,99
Project B,2/23/2022,22-Feb,12956,6122,6119,6119,3,1.693250537,10361,Ahmed,6834,3,99
Project B,2/24/2022,22-Feb,12920,7856,7851,7851,5,1.688574672,13257,Mona,5064,5,99
Project B,2/25/2022,22-Feb,12718,7119,7113,7097,6,1.802896142,12824,Youssef,5599,6,99
Project B,2/26/2022,22-Feb,12477,11418,11046,6252,372,50.33505249,556001,Dina,1059,372,96
Project B,2/27/2022,22-Feb,10209,7363,7311,6579,52,13.3289566,97448,Rania,2846,52,99
Project B,2/28/2022,22-Feb,11691,7599,7585,7464,14,2.963744164,22480,Samir,4092,14,99
Project C,2/1/2022,22-Feb,300,101,100,99,1,2.130000114,213,Huda,199,1,99
Project C,2/2/2022,22-Feb,299,81,79,78,2,2.949367046,233,Fatma,218,2,97
Project C,2/3/2022,22-Feb,288,136,135,135,1,1.674074054,226,Omar,152,1,99
Project C,2/4/2022,22-Feb,284,154,148,120,6,17.58783722,2603,Huda,130,6,96
Project C,2/5/2022,22-Feb,281,168,168,164,0,3.535714388,594,Rania,113,0,100
Project C,2/6/2022,22-Feb,213,159,152,141,7,11.19736862,1702,Tariq,54,7,95
Project C,2/7/2022,22-Feb,252,163,160,158,3,3.568749905,571,Dina,89,3,98
Project C,2/8/2022,22-Feb,300,186,184,184,2,1.711956501,315,Ahmed,114,2,98
Project C,2/9/2022,22-Feb,299,151,150,150,1,1.679999948,252,Ali,148,1,99
Project C,2/10/2022,22-Feb,288,142,140,140,2,1.578571439,221,Laila,146,2,98
Project C,2/11/2022,22-Feb,284,138,137,135,1,3.087591171,423,Dina,146,1,99
Project C,2/12/2022,22-Feb,281,114,114,112,0,3.008771896,343,Huda,167,0,100
Project C,2/13/2022,22-Feb,213,100,99,98,1,2.515151501,249,Fatma,113,1,99
Project C,2/14/2022,22-Feb,252,111,111,111,0,1.720720768,191,Ali,141,0,100
Project C,2/15/2022,22-Feb,300,139,137,137,2,1.627737284,223,Khaled,161,2,98
Project C,2/16/2022,22-Feb,299,148,146,145,2,2.075342417,303,Ali,151,2,98
Project C,2/17/2022,22-Feb,288,121,121,121,0,1.669421434,202,Dina,167,0,100
Project C,2/18/2022,22-Feb,284,133,133,133,0,1.75939846,234,Fatma,151,0,100
Project C,2/19/2022,22-Feb,281,156,154,143,2,7.480519295,1152,Khaled,125,2,98
Project C,2/20/2022,22-Feb,213,126,125,125,1,1.832000017,229,Huda,87,1,99
Project C,2/21/2022,22-Feb,252,137,137,137,0,1.715328455,235,Omar,115,0,100
Project C,2/22/2022,22-Feb,300,163,160,160,3,1.643749952,263,Laila,137,3,98
Project C,2/23/2022,22-Feb,299,147,147,147,0,1.68707478,248,Nour,152,0,100
Project C,2/24/2022,22-Feb,288,127,127,127,0,1.622047186,206,Omar,161,0,100
Project C,2/25/2022,22-Feb,284,105,103,103,2,1.669902921,172,Nour,179,2,98
Project C,2/26/2022,22-Feb,281,137,125,85,12,35.63199997,4454,Omar,144,12,91
Project C,2/27/2022,22-Feb,213,130,128,124,2,4.34375,556,Ahmed,83,2,98
Project C,2/28/2022,22-Feb,252,146,145,141,1,3.820689678,554,Huda,106,1,99
Project A,3/1/2022,22-Mar,13389,11747,11596,9291,151,17.83089066,206767,Samir,1642,151,98
Project A,3/2/2022,22-Mar,13134,14735,14092,7895,643,65.16597748,918319,Dina,-1601,643,95
Project A,3/3/2022,22-Mar,12545,13946,13256,5411,690,76.14431,1009369,Rania,-1401,690,95
Project A,3/4/2022,22-Mar,9970,11663,10884,7211,779,92.36052704,1005252,Tariq,-1693,779,93
Project A,3/5/2022,22-Mar,12209,14504,13476,6228,1028,102.7876205,1385166,Youssef,-2295,1028,92
Project A,3/6/2022,22-Mar,13843,15328,14652,9230,676,67.76262665,992858,Huda,-1485,676,95
Project A,3/7/2022,22-Mar,13585,16324,16223,15445,101,6.5354743,106025,Tariq,-2739,101,99
Project A,3/8/2022,22-Mar,13389,10822,10775,10647,47,3.315638065,35726,Mona,2567,47,99
Project A,3/9/2022,22-Mar,13134,9565,9523,9269,42,4.059329987,38657,Khaled,3569,42,99
Project A,3/10/2022,22-Mar,12545,10402,10275,9585,127,17.34267616,178196,Khaled,2143,127,98
Project A,3/11/2022,22-Mar,9970,6966,6922,6577,44,6.938745975,48030,Khaled,3004,44,99
Project A,3/12/2022,22-Mar,12209,8046,8019,7983,27,2.127447367,17060,Huda,4163,27,99
Project A,3/13/2022,22-Mar,13841,8324,8303,8280,21,2.004094839,16640,Sara,5517,21,99
Project A,3/14/2022,22-Mar,13585,7904,7884,7884,20,1.758371353,13863,Laila,5681,20,99
Project A,3/15/2022,22-Mar,13389,7914,7883,7883,31,1.869085431,14734,Sara,5475,31,99
Project A,3/16/2022,22-Mar,13134,7166,7135,7132,31,1.869796753,13341,Huda,5968,31,99
Project A,3/17/2022,22-Mar,12545,6641,6615,6600,26,2.020861626,13368,Fatma,5904,26,99
Project A,3/18/2022,22-Mar,9970,5685,5659,5637,26,1.953171968,11053,Laila,4285,26,99
Project A,3/19/2022,22-Mar,12209,6476,6459,6452,17,1.797646642,11611,Khaled,5733,17,99
Project A,3/20/2022,22-Mar,13841,7325,7297,7289,28,1.949294209,14224,Samir,6516,28,99
Project A,3/21/2022,22-Mar,13585,6992,6963,6958,29,1.876489997,13066,Tariq,6593,29,99
Project A,3/22/2022,22-Mar,13389,6923,6897,6897,26,1.93750906,13363,Hassan,6466,26,99
Project A,3/23/2022,22-Mar,13134,6788,6768,6765,20,1.881057978,12731,Ali,6346,20,99
Project A,3/24/2022,22-Mar,12545,10378,10197,8564,181,18.47298241,188369,Dina,2167,181,98
Project A,3/25/2022,22-Mar,9970,8613,8582,8504,31,2.486949444,21343,Ali,1357,31,99
Project A,3/26/2022,22-Mar,12209,6648,6617,6613,31,1.819253445,12038,Mona,5561,31,99
Project A,3/27/2022,22-Mar,13841,10088,10032,9874,56,4.86074543,48763,Huda,3753,56,99
Project A,3/28/2022,22-Mar,13585,8739,8701,8650,38,2.569359779,22356,Tariq,4846,38,99
Project A,3/29/2022,22-Mar,13389,9200,9164,9156,36,1.997490168,18305,Fatma,4189,36,99
Project A,3/30/2022,22-Mar,13134,9099,9071,9068,28,1.750192881,15876,Ali,4035,28,99
Project A,3/31/2022,22-Mar,12545,8901,8872,8871,29,1.911632061,16960,Huda,3644,29,99
Project B,3/1/2022,22-Mar,17117,18438,18071,14792,367,16.39245224,296228,Huda,-1321,367,98
Project B,3/2/2022,22-Mar,16778,19001,17785,10398,1216,68.29080963,1214552,Fatma,-2223,1216,93
Project B,3/3/2022,22-Mar,16064,18290,16900,6847,1390,79.14159393,1337493,Youssef,-2226,1390,92
Project B,3/4/2022,22-Mar,12818,15270,13785,8615,1485,103.4519424,1426085,Rania,-2452,1485,90
Project B,3/5/2022,22-Mar,15654,17965,14864,5868,3101,180.9033966,2688948,Huda,-2311,3101,82
Project B,3/6/2022,22-Mar,17684,21739,19805,11749,1934,89.53849792,1773310,Dina,-4055,1934,91
Project B,3/7/2022,22-Mar,17370,17701,17475,16504,226,7.083891392,123791,Khaled,-331,226,98
Project B,3/8/2022,22-Mar,17117,16261,16118,15893,143,3.33763504,53796,Ali,856,143,99
Project B,3/9/2022,22-Mar,16778,15106,14952,14350,154,5.19154644,77624,Ali,1672,154,98
Project B,3/10/2022,22-Mar,16064,17374,16909,15521,465,27.29167938,461475,Nour,-1310,465,97
Project B,3/11/2022,22-Mar,12818,13395,13260,12637,135,6.404524803,84924,Mona,-577,135,98
Project B,3/12/2022,22-Mar,15655,15160,15072,15006,88,2.120886326,31966,Omar,495,88,99
Project B,3/13/2022,22-Mar,17685,14825,14725,14702,100,1.933378577,28469,Sara,2860,100,99
Project B,3/14/2022,22-Mar,17370,14415,14326,14326,89,1.767974257,25328,Hassan,2955,89,99
Project B,3/15/2022,22-Mar,17117,14483,14398,14387,85,1.936727285,27885,Ali,2634,85,99
Project B,3/16/2022,22-Mar,16778,14304,14211,14204,93,1.893392444,26907,Ali,2474,93,99
Project B,3/17/2022,22-Mar,16064,13611,13494,13462,117,2.040091991,27529,Tariq,2453,117,99
Project B,3/18/2022,22-Mar,12818,14427,14319,14155,108,2.430058002,34796,Hassan,-1609,108,99
Project B,3/19/2022,22-Mar,15655,14008,13908,13880,100,1.849439144,25722,Samir,1647,100,99
Project B,3/20/2022,22-Mar,17685,15677,15573,15556,104,1.966544628,30625,Mona,2008,104,99
Project B,3/21/2022,22-Mar,17370,16320,16229,16177,91,2.108694315,34222,Mona,1050,91,99
Project B,3/22/2022,22-Mar,17117,14294,14202,14190,92,2.022461653,28723,Laila,2823,92,99
Project B,3/23/2022,22-Mar,16778,14484,14402,14379,82,1.989307046,28650,Fatma,2294,82,99
Project B,3/24/2022,22-Mar,16064,30381,29630,22741,751,25.40988922,752895,Dina,-14317,751,97
Project B,3/25/2022,22-Mar,12818,15592,15501,15358,91,2.478743315,38423,Tariq,-2774,91,99
Project B,3/26/2022,22-Mar,15655,13821,13732,13716,89,1.889528155,25947,Huda,1834,89,99
Project B,3/27/2022,22-Mar,17685,18343,18200,17873,143,5.091923237,92673,Khaled,-658,143,99
Project B,3/28/2022,22-Mar,17370,18046,17926,17727,120,3.085573912,55312,Rania,-676,120,99
Project B,3/29/2022,22-Mar,17117,17228,17142,17102,86,2.12839818,36485,Dina,-111,86,99
Project B,3/30/2022,22-Mar,16778,16005,15914,15904,91,1.788865209,28468,Mona,773,91,99
Project B,3/31/2022,22-Mar,16064,16001,15910,15907,91,1.959773779,31180,Tariq,63,91,99
Project C,3/1/2022,22-Mar,2771,2644,2622,2469,22,6.165141106,16165,Sara,127,22,99
Project C,3/2/2022,22-Mar,2711,3421,3387,3081,34,11.65839958,39487,Huda,-710,34,99
Project C,3/3/2022,22-Mar,2674,3075,3033,2839,42,10.71513367,32499,Ahmed,-401,42,98
Project C,3/4/2022,22-Mar,1989,2680,2625,2269,55,19.25866699,50554,Omar,-691,55,97
Project C,3/5/2022,22-Mar,2297,2780,2746,2399,34,12.26729774,33686,Ahmed,-483,34,98
Project C,3/6/2022,22-Mar,2825,3047,3035,2997,12,2.844480991,8633,Rania,-222,12,99
Project C,3/7/2022,22-Mar,2799,2977,2948,2756,29,6.822591782,20113,Ali,-178,29,99
Project C,3/8/2022,22-Mar,2771,2409,2386,2237,23,8.553227425,20408,Ahmed,362,23,99
Project C,3/9/2022,22-Mar,2710,2329,2309,2241,20,4.335643291,10011,Nour,381,20,99
Project C,3/10/2022,22-Mar,2674,2649,2613,2406,36,10.91771889,28528,Sara,25,36,98
Project C,3/11/2022,22-Mar,1989,1806,1800,1766,6,4.069444656,7325,Laila,183,6,99
Project C,3/12/2022,22-Mar,2297,2853,2831,2602,22,10.11126804,28625,Nour,-556,22,99
Project C,3/13/2022,22-Mar,2825,2118,2109,2088,9,2.890943527,6097,Rania,707,9,99
Project C,3/14/2022,22-Mar,2798,2213,2198,2172,15,2.716105461,5970,Mona,585,15,99
Project C,3/15/2022,22-Mar,2771,2060,2051,2035,9,2.520721674,5170,Omar,711,9,99
Project C,3/16/2022,22-Mar,2711,1998,1992,1967,6,2.72690773,5432,Omar,713,6,99
Project C,3/17/2022,22-Mar,2674,1863,1849,1819,14,2.980530024,5511,Samir,811,14,99
Project C,3/18/2022,22-Mar,1989,1529,1518,1435,11,6.450592995,9792,Rania,460,11,99
Project C,3/19/2022,22-Mar,2297,1722,1714,1645,8,5.27012825,9033,Dina,575,8,99
Project C,3/20/2022,22-Mar,2825,1779,1772,1768,7,1.767494321,3132,Mona,1046,7,99
Project C,3/21/2022,22-Mar,2798,1778,1769,1761,9,2.274731398,4024,Hassan,1020,9,99
Project C,3/22/2022,22-Mar,2771,1680,1675,1668,5,2.602985144,4360,Omar,1091,5,99
Project C,3/23/2022,22-Mar,2711,1802,1800,1789,2,2.076111078,3737,Ali,909,2,99
Project C,3/24/2022,22-Mar,2674,2693,2674,2646,19,2.901271582,7758,Huda,-19,19,99
Project C,3/25/2022,22-Mar,1989,1759,1743,1659,16,7.091221809,12360,Rania,230,16,99
Project C,3/26/2022,22-Mar,2297,1587,1581,1552,6,3.30107522,5219,Omar,710,6,99
Project C,3/27/2022,22-Mar,2825,1989,1984,1972,5,2.549899101,5059,Rania,836,5,99
Project C,3/28/2022,22-Mar,2797,1929,1924,1921,5,1.757276535,3381,Youssef,868,5,99
Project C,3/29/2022,22-Mar,2771,2370,2355,2341,15,2.133758068,5025,Samir,401,15,99
Project C,3/30/2022,22-Mar,2710,2543,2534,2510,9,2.550907612,6464,Nour,167,9,99
Project C,3/31/2022,22-Mar,2674,2300,2290,2251,10,3.225327492,7386,Nour,374,10,99
Project A,4/1/2022,22-Apr,10496,8358,8332,8329,26,1.761761904,14679,Huda,2138,26,99
Project A,4/2/2022,22-Apr,12028,6184,6160,6129,24,2.05292201,12646,Rania,5844,24,99
Project A,4/3/2022,22-Apr,13569,7339,7310,7271,29,2.451436281,17920,Omar,6230,29,99
Project A,4/4/2022,22-Apr,13349,7770,7759,7666,11,2.93839407,22799,Hassan,5579,11,99
Project A,4/5/2022,22-Apr,13300,10632,10570,9629,62,11.68978214,123561,Ali,2668,62,99
Project A,4/6/2022,22-Apr,13093,10227,10180,9543,47,10.93732834,111342,Youssef,2866,47,99
Project A,4/7/2022,22-Apr,12847,11176,10939,9383,237,36.48157883,399072,Omar,1671,237,97
Project A,4/8/2022,22-Apr,10496,6980,6951,6664,29,6.50050354,45185,Sara,3516,29,99
Project A,4/9/2022,22-Apr,12028,7233,7185,7015,48,5.728322983,41158,Dina,4795,48,99
Project A,4/10/2022,22-Apr,13569,8505,8492,8371,13,3.653674126,31027,Sara,5064,13,99
Project A,4/11/2022,22-Apr,13349,7263,7251,7163,12,3.303130627,23951,Ali,6086,12,99
Project A,4/12/2022,22-Apr,13300,6635,6630,6560,5,2.828506708,18753,Tariq,6665,5,99
Project A,4/13/2022,22-Apr,13093,6781,6770,6697,11,3.181240797,21537,Khaled,6312,11,99
Project A,4/14/2022,22-Apr,12847,6552,6535,6454,17,3.0861516,20168,Sara,6295,17,99
Project A,4/15/2022,22-Apr,10496,5638,5631,5578,7,2.498135328,14067,Dina,4858,7,99
Project A,4/16/2022,22-Apr,12028,5736,5718,5603,18,4.265827179,24392,Omar,6292,18,99
Project A,4/17/2022,22-Apr,13568,6526,6520,6519,6,1.994785309,13006,Samir,7042,6,99
Project A,4/18/2022,22-Apr,13349,6568,6563,6563,5,2.028493166,13313,Huda,6781,5,99
Project A,4/19/2022,22-Apr,13300,6623,6617,6617,6,2.021459818,13376,Ali,6677,6,99
Project A,4/20/2022,22-Apr,13093,6787,6776,6769,11,1.972697735,13367,Samir,6306,11,99
Project A,4/21/2022,22-Apr,12847,6713,6666,6202,47,10.09766006,67311,Youssef,6134,47,99
Project A,4/22/2022,22-Apr,10496,5625,5621,5618,4,1.826009631,10264,Ahmed,4871,4,99
Project A,4/23/2022,22-Apr,12028,6140,6137,6133,3,1.752810836,10757,Ali,5888,3,99
Project A,4/24/2022,22-Apr,13568,7557,7552,7552,5,1.685778618,12731,Tariq,6011,5,99
Project A,4/25/2022,22-Apr,13349,8179,8164,8144,15,1.973052382,16108,Khaled,5170,15,99
Project A,4/26/2022,22-Apr,13300,8236,8220,8093,16,3.068004847,25219,Dina,5064,16,99
Project A,4/27/2022,22-Apr,13093,10756,10579,9435,177,21.48605728,227301,Tariq,2337,177,98
Project A,4/28/2022,22-Apr,12847,9891,9757,8284,134,21.30316734,207855,Rania,2956,134,98
Project A,4/29/2022,22-Apr,10496,8428,8294,6923,134,26.35254478,218568,Hassan,2068,134,98
Project A,4/30/2022,22-Apr,12028,8592,8576,8443,16,3.0859375,26465,Ahmed,3436,16,99
Project B,4/1/2022,22-Apr,10277,6707,6689,6689,18,1.740319967,11641,Tariq,3570,18,99
Project B,4/2/2022,22-Apr,11769,5084,5071,5050,13,1.930782914,9791,Laila,6685,13,99
Project B,4/3/2022,22-Apr,13261,6022,6001,5971,21,2.49058485,14946,Youssef,7239,21,99
Project B,4/4/2022,22-Apr,13042,6333,6326,6245,7,3.0920012,19560,Khaled,6709,7,99
Project B,4/5/2022,22-Apr,13006,8792,8746,7977,46,11.62737274,101693,Khaled,4214,46,99
Project B,4/6/2022,22-Apr,12802,8467,8433,7880,34,11.37495518,95925,Samir,4335,34,99
Project B,4/7/2022,22-Apr,12559,9319,9130,7802,189,37.52015305,342559,Tariq,3240,189,97
Project B,4/8/2022,22-Apr,10277,5687,5676,5469,11,5.749647617,32635,Khaled,4590,11,99
Project B,4/9/2022,22-Apr,11769,5983,5965,5839,18,5.121374607,30549,Samir,5786,18,99
Project B,4/10/2022,22-Apr,13261,6979,6973,6881,6,3.667144775,25571,Mona,6282,6,99
Project B,4/11/2022,22-Apr,13042,6021,6013,5939,8,3.400133133,20445,Omar,7021,8,99
Project B,4/12/2022,22-Apr,13006,5427,5424,5375,3,2.743916035,14883,Dina,7579,3,99
Project B,4/13/2022,22-Apr,12802,5605,5597,5539,8,3.221189976,18029,Fatma,7197,8,99
Project B,4/14/2022,22-Apr,12559,5361,5352,5287,9,3.156576872,16894,Sara,7198,9,99
Project B,4/15/2022,22-Apr,10277,4662,4657,4612,5,2.549710035,11874,Tariq,5615,5,99
Project B,4/16/2022,22-Apr,11769,4711,4700,4608,11,4.285957336,20144,Rania,7058,11,99
Project B,4/17/2022,22-Apr,13261,5340,5337,5337,3,2.052464008,10954,Samir,7921,3,99
Project B,4/18/2022,22-Apr,13042,5414,5410,5410,4,2.097966671,11350,Rania,7628,4,99
Project B,4/19/2022,22-Apr,13006,5479,5475,5475,4,2.087488651,11429,Huda,7527,4,99
Project B,4/20/2022,22-Apr,12802,5635,5626,5621,9,2.004976988,11280,Omar,7167,9,99
Project B,4/21/2022,22-Apr,12559,5611,5571,5180,40,10.0746727,56126,Samir,6948,40,99
Project B,4/22/2022,22-Apr,10277,4646,4644,4644,2,1.742894053,8094,Youssef,5631,2,99
Project B,4/23/2022,22-Apr,11769,5020,5017,5017,3,1.694638252,8502,Dina,6749,3,99
Project B,4/24/2022,22-Apr,13261,6267,6264,6264,3,1.692847967,10604,Omar,6994,3,99
Project B,4/25/2022,22-Apr,13042,6816,6805,6788,11,1.977957368,13460,Khaled,6226,11,99
Project B,4/26/2022,22-Apr,13006,6772,6761,6656,11,3.098358154,20948,Fatma,6234,11,99
Project B,4/27/2022,22-Apr,12802,8869,8734,7807,135,21.11564064,184424,Mona,3933,135,98
Project B,4/28/2022,22-Apr,12559,8167,8066,6859,101,21.19563675,170964,Ahmed,4392,101,98
Project B,4/29/2022,22-Apr,10277,6825,6722,5582,103,26.98348618,181383,Ahmed,3452,103,98
Project B,4/30/2022,22-Apr,11769,6999,6990,6892,9,2.992560863,20918,Ahmed,4770,9,99
Project C,4/1/2022,22-Apr,219,134,133,131,1,2.578947306,343,Huda,85,1,99
Project C,4/2/2022,22-Apr,259,84,80,75,4,11.21249962,897,Laila,175,4,95
Project C,4/3/2022,22-Apr,308,125,125,122,0,3.568000078,446,Huda,183,0,100
Project C,4/4/2022,22-Apr,307,131,127,126,4,2.047244072,260,Tariq,176,4,96
Project C,4/5/2022,22-Apr,294,188,184,156,4,24.33695602,4478,Khaled,106,4,97
Project C,4/6/2022,22-Apr,291,151,147,137,4,7.789115429,1145,Tariq,140,4,97
Project C,4/7/2022,22-Apr,288,168,155,134,13,15.01935482,2328,Fatma,120,13,92
Project C,4/8/2022,22-Apr,219,116,106,82,10,32.1603775,3409,Huda,103,10,91
Project C,4/9/2022,22-Apr,259,142,121,105,21,36.91735458,4467,Fatma,117,21,85
Project C,4/10/2022,22-Apr,308,132,129,120,3,8.519379616,1099,Sara,176,3,97
Project C,4/11/2022,22-Apr,307,96,96,92,0,4.479166508,430,Mona,211,0,100
Project C,4/12/2022,22-Apr,294,127,126,119,1,7.373015881,929,Youssef,167,1,99
Project C,4/13/2022,22-Apr,291,95,92,91,3,2.423913002,223,Nour,196,3,96
Project C,4/14/2022,22-Apr,288,131,127,125,4,3.409448862,433,Ali,157,4,96
Project C,4/15/2022,22-Apr,219,84,84,83,0,3,252,Nour,135,0,100
Project C,4/16/2022,22-Apr,259,128,124,121,4,3.024193525,375,Youssef,131,4,96
Project C,4/17/2022,22-Apr,307,118,117,116,1,2.307692289,270,Ahmed,189,1,99
Project C,4/18/2022,22-Apr,307,111,111,111,0,1.612612605,179,Ali,196,0,100
Project C,4/19/2022,22-Apr,294,123,122,122,1,1.655737758,202,Huda,171,1,99
Project C,4/20/2022,22-Apr,291,134,134,132,0,2.813432932,377,Hassan,157,0,100
Project C,4/21/2022,22-Apr,288,113,113,110,0,4.035398006,456,Khaled,175,0,100
Project C,4/22/2022,22-Apr,219,103,102,99,1,6.372549057,650,Khaled,116,1,99
Project C,4/23/2022,22-Apr,259,131,131,128,0,4.053435326,531,Ali,128,0,100
Project C,4/24/2022,22-Apr,307,125,125,125,0,1.623999953,203,Khaled,182,0,100
Project C,4/25/2022,22-Apr,307,113,113,111,0,2.982300997,337,Mona,194,0,100
Project C,4/26/2022,22-Apr,294,164,163,163,1,1.883435607,307,Nour,130,1,99
Project C,4/27/2022,22-Apr,291,166,158,145,8,8.411392212,1329,Hassan,125,8,95
Project C,4/28/2022,22-Apr,288,149,142,130,7,7.429577351,1055,Tariq,139,7,95
Project C,4/29/2022,22-Apr,219,137,136,132,1,4.426470757,602,Khaled,82,1,99
Project C,4/30/2022,22-Apr,259,100,97,89,3,8.628866196,837,Hassan,159,3,97
